paso,tabla,filas_antes,filas_despues,detalle
1,orders,99441,99441,Fechas convertidas de texto a datetime
2,orders,99441,99441,Eliminados order_id duplicados
3,orders,99441,99092,Período de análisis: 2017-01-01 a 2018-08-31 (se descarta 2016 y sep-oct 2018)
4,orders,99092,99092,Descartados pedidos con fecha de entrega ANTERIOR a la compra
5,orders,99092,99092,Estado normalizado (minúsculas); fechas nulas se mantienen en pedidos no entregados
6,items,112650,112279,Solo ítems de pedidos del período; fecha convertida a datetime
7,items,112279,112279,"Valores atípicos de price detectados (boxplot/IQR): 8,388. Se CONSERVAN (son precios altos legítimos)"
8,customers,99441,99092,"Solo clientes con pedidos; ciudad normalizada (minúsculas, sin acentos); zip como texto"
9,sellers,3095,3095,Ciudad normalizada; zip como texto
10,products,32951,32951,Unido con traducción de categorías; 610 sin categoría -> 'sin_categoria'; 0 sin traducción; columnas renombradas (se corrigen errores ortográficos)
11,payments,103886,99092,Pagos resumidos a UNA fila por pedido (tipo principal = el de mayor valor; cuotas = máximo)
12,reviews,99224,98330,Una reseña por pedido (la más reciente); comentarios de texto excluidos (88 % / 59 % vacíos)
13,geoloc,1000163,19010,De-duplicada: UN punto por código postal (promedio de coordenadas)
